022079f406ed72713a1de80e7da7c9b9,1.0,B000A7NQ7V
022079f406ed72713a1de80e7da7c9b9,1.0,B0FFFALG94
022079f406ed72713a1de80e7da7c9b9,1.0,B000A805NJ
022079f406ed72713a1de80e7da7c9b9,1.0,B000A83K3G
022079f406ed72713a1de80e7da7c9b9,1.0,B0FFF41R8I
022079f406ed72713a1de80e7da7c9b9,1.0,B000A875MD
022079f406ed72713a1de80e7da7c9b9,1.0,B000A805O7
022079f406ed72713a1de80e7da7c9b9,1.0,B000A875MD
022079f406ed72713a1de80e7da7c9b9,1.0,B000A84I1G
022079f406ed72713a1de80e7da7c9b9,1.0,B0FFI9E3OL
022079f406ed72713a1de80e7da7c9b9,1.0,B0FFG4HTWP
022079f406ed72713a1de80e7da7c9b9,1.0,B000A83K3G
022079f406ed72713a1de80e7da7c9b9,1.0,B000A7QQKO
022079f406ed72713a1de80e7da7c9b9,1.0,B0FFI8Y795
022079f406ed72713a1de80e7da7c9b9,1.0,B0FFI8EP4M
022079f406ed72713a1de80e7da7c9b9,1.0,B0FFGY95ZG
022079f406ed72713a1de80e7da7c9b9,1.0,B0FFFQ6V38
022079f406ed72713a1de80e7da7c9b9,1.0,B0FFFSTE9H
022079f406ed72713a1de80e7da7c9b9,1.0,B000A7NQ7V
022079f406ed72713a1de80e7da7c9b9,1.0,B000A9QZD8
022079f406ed72713a1de80e7da7c9b9,1.0,B000A8061Q
022079f406ed72713a1de80e7da7c9b9,1.0,B0FFI8Y795
022079f406ed72713a1de80e7da7c9b9,1.0,B0FFI91YX4
022079f406ed72713a1de80e7da7c9b9,1.0,B0FFI91YX4
022079f406ed72713a1de80e7da7c9b9,1.0,B000A87QJ9
022079f406ed72713a1de80e7da7c9b9,1.0,B0FFI93IT0
022079f406ed72713a1de80e7da7c9b9,1.0,B000A87QJ9
022079f406ed72713a1de80e7da7c9b9,1.0,B000A85GE2
022079f406ed72713a1de80e7da7c9b9,1.0,B000A85GLF
022079f406ed72713a1de80e7da7c9b9,1.0,B0FFHRNP92
022079f406ed72713a1de80e7da7c9b9,1.0,B000A84I1G
022079f406ed72713a1de80e7da7c9b9,1.0,B0FFFQ6V38
022079f406ed72713a1de80e7da7c9b9,1.0,B0FFI8EP4M
022079f406ed72713a1de80e7da7c9b9,1.0,B000A8WV6A
022079f406ed72713a1de80e7da7c9b9,1.0,B0FFI1UHQO
94615e8cc1f69531248fd66358e4a389,1.0,B0FFI91YX4
94615e8cc1f69531248fd66358e4a389,1.0,B000A843KH
94615e8cc1f69531248fd66358e4a389,1.0,B0FFI93J0K
94615e8cc1f69531248fd66358e4a389,1.0,B0FFI93IT0
94615e8cc1f69531248fd66358e4a389,1.0,B0FFFQ6V38
94615e8cc1f69531248fd66358e4a389,1.0,B000A7XRRR
94615e8cc1f69531248fd66358e4a389,1.0,B0FFI9DLOS
94615e8cc1f69531248fd66358e4a389,1.0,B000A7QQKO
94615e8cc1f69531248fd66358e4a389,1.0,B0FFFSTE9H
94615e8cc1f69531248fd66358e4a389,1.0,B000A7PKTD
94615e8cc1f69531248fd66358e4a389,1.0,B0FFGVEQ3C
94615e8cc1f69531248fd66358e4a389,1.0,B0FFFALG94
94615e8cc1f69531248fd66358e4a389,1.0,B000A87QJ9
94615e8cc1f69531248fd66358e4a389,1.0,B0FFI933GP
94615e8cc1f69531248fd66358e4a389,1.0,B0FFI8VOHW
94615e8cc1f69531248fd66358e4a389,1.0,B000A7ZMDK
94615e8cc1f69531248fd66358e4a389,1.0,B000A8UOVR
94615e8cc1f69531248fd66358e4a389,1.0,B0FFGY95ZG
94615e8cc1f69531248fd66358e4a389,1.0,B0FFI93J0K
94615e8cc1f69531248fd66358e4a389,1.0,B000A7ZMDK
94615e8cc1f69531248fd66358e4a389,1.0,B0FFI933GP
94615e8cc1f69531248fd66358e4a389,1.0,B0FFI8C4LC
94615e8cc1f69531248fd66358e4a389,1.0,B0FFI8XMD1
94615e8cc1f69531248fd66358e4a389,1.0,B000A9PPB2
94615e8cc1f69531248fd66358e4a389,1.0,B0FFI8VOHW
94615e8cc1f69531248fd66358e4a389,1.0,B0FFI8EP4M
94615e8cc1f69531248fd66358e4a389,1.0,B000A7O1C3
94615e8cc1f69531248fd66358e4a389,1.0,B0FFI8LL4B
94615e8cc1f69531248fd66358e4a389,1.0,B000A7NQ7V
94615e8cc1f69531248fd66358e4a389,1.0,B0FFI933GP
94615e8cc1f69531248fd66358e4a389,1.0,B0FFFALG94
94615e8cc1f69531248fd66358e4a389,1.0,B0FFG4HTWP
94615e8cc1f69531248fd66358e4a389,1.0,B000A8WV6A
94615e8cc1f69531248fd66358e4a389,1.0,B000A7O1C3
94615e8cc1f69531248fd66358e4a389,1.0,B0FFI93J0K
94615e8cc1f69531248fd66358e4a389,1.0,B000A87IC9
94615e8cc1f69531248fd66358e4a389,1.0,B0FFHRNP92
94615e8cc1f69531248fd66358e4a389,1.0,B000A7XRRR
94615e8cc1f69531248fd66358e4a389,1.0,B000A85GTK
94615e8cc1f69531248fd66358e4a389,1.0,B0FFFAIOZT
94615e8cc1f69531248fd66358e4a389,1.0,B0FFI91YX4
94615e8cc1f69531248fd66358e4a389,1.0,B000A87QJ9
94615e8cc1f69531248fd66358e4a389,1.0,B000A87IC9
94615e8cc1f69531248fd66358e4a389,1.0,B0FFI933GP
94615e8cc1f69531248fd66358e4a389,1.0,B000A85GTK
94615e8cc1f69531248fd66358e4a389,1.0,B0FFI8EP4M
94615e8cc1f69531248fd66358e4a389,1.0,B000A805NJ
94615e8cc1f69531248fd66358e4a389,1.0,B000A805NJ
94615e8cc1f69531248fd66358e4a389,1.0,B000A805NJ
94615e8cc1f69531248fd66358e4a389,1.0,B0FFFAIOZT
94615e8cc1f69531248fd66358e4a389,1.0,B000A85GTK
94615e8cc1f69531248fd66358e4a389,1.0,B000A8UOVR
94615e8cc1f69531248fd66358e4a389,1.0,B0FFI9CYVV
94615e8cc1f69531248fd66358e4a389,1.0,B000A9PPB2
94615e8cc1f69531248fd66358e4a389,1.0,B000A84I1G
94615e8cc1f69531248fd66358e4a389,1.0,B000A83K3G
94615e8cc1f69531248fd66358e4a389,1.0,B0FFFQ6V38
94615e8cc1f69531248fd66358e4a389,1.0,B000A7XRRR
94615e8cc1f69531248fd66358e4a389,1.0,B0FFGY95ZG
94615e8cc1f69531248fd66358e4a389,1.0,B000A85GE2
94615e8cc1f69531248fd66358e4a389,1.0,B000A0C2E4
94615e8cc1f69531248fd66358e4a389,1.0,B0FFI8C4LC
94615e8cc1f69531248fd66358e4a389,1.0,B0FFI91YX4
94615e8cc1f69531248fd66358e4a389,1.0,B0FFFAIOZT
94615e8cc1f69531248fd66358e4a389,1.0,B000A7ZMDK
94615e8cc1f69531248fd66358e4a389,1.0,B000A21A9B
94615e8cc1f69531248fd66358e4a389,1.0,B0FFI8VOH9
94615e8cc1f69531248fd66358e4a389,1.0,B0FFI9DLOS
94615e8cc1f69531248fd66358e4a389,1.0,B0FFFQ6V38
94615e8cc1f69531248fd66358e4a389,1.0,B000A805O7
94615e8cc1f69531248fd66358e4a389,1.0,B0FFI8Y795
94615e8cc1f69531248fd66358e4a389,1.0,B000A8W3SS
94615e8cc1f69531248fd66358e4a389,1.0,B0FFI91YX4
94615e8cc1f69531248fd66358e4a389,1.0,B0FFI8VOH9
94615e8cc1f69531248fd66358e4a389,1.0,B0FFI9CYVV
94615e8cc1f69531248fd66358e4a389,1.0,B000A7GWO5
61413e4ac23a950e54933f880aeefb14,1.0,B0FFG4HTWP
61413e4ac23a950e54933f880aeefb14,1.0,B000A7PKTD
61413e4ac23a950e54933f880aeefb14,1.0,B000A8WV6A
61413e4ac23a950e54933f880aeefb14,1.0,B000A83K3G
61413e4ac23a950e54933f880aeefb14,1.0,B0FFI9E3OL
61413e4ac23a950e54933f880aeefb14,1.0,B000A7O1C3
61413e4ac23a950e54933f880aeefb14,1.0,B000A7O1C3
61413e4ac23a950e54933f880aeefb14,1.0,B000A84I1G
61413e4ac23a950e54933f880aeefb14,1.0,B000A9QZD8
61413e4ac23a950e54933f880aeefb14,1.0,B000A84I1G
61413e4ac23a950e54933f880aeefb14,1.0,B0FFGY95ZG
61413e4ac23a950e54933f880aeefb14,1.0,B0FFFQ6V38
61413e4ac23a950e54933f880aeefb14,1.0,B0FFI9DLOS
61413e4ac23a950e54933f880aeefb14,1.0,B000A8WWAL
61413e4ac23a950e54933f880aeefb14,1.0,B000A85GLF
61413e4ac23a950e54933f880aeefb14,1.0,B000A85GLF
61413e4ac23a950e54933f880aeefb14,1.0,B000A7QQKO
61413e4ac23a950e54933f880aeefb14,1.0,B0FFI9CYVV
61413e4ac23a950e54933f880aeefb14,1.0,B000A7GWO5
61413e4ac23a950e54933f880aeefb14,1.0,B000A7O1C3
61413e4ac23a950e54933f880aeefb14,1.0,B0FFFQ6V38
61413e4ac23a950e54933f880aeefb14,1.0,B0FFI8Y795
61413e4ac23a950e54933f880aeefb14,1.0,B000A9PPB2
61413e4ac23a950e54933f880aeefb14,1.0,B0FFI8VOH9
61413e4ac23a950e54933f880aeefb14,1.0,B0FFG4HTWP
61413e4ac23a950e54933f880aeefb14,1.0,B000A7NQ7V
61413e4ac23a950e54933f880aeefb14,1.0,B0FFG4HTWP
61413e4ac23a950e54933f880aeefb14,1.0,B000A8WV6A
61413e4ac23a950e54933f880aeefb14,1.0,B000A87IC9
61413e4ac23a950e54933f880aeefb14,1.0,B000A7O1C3
61413e4ac23a950e54933f880aeefb14,1.0,B000A0C2E4
61413e4ac23a950e54933f880aeefb14,1.0,B0FFI901ZA
61413e4ac23a950e54933f880aeefb14,1.0,B0FFI933GP
61413e4ac23a950e54933f880aeefb14,1.0,B0FFFSTE9H
61413e4ac23a950e54933f880aeefb14,1.0,B000A9QZD8
61413e4ac23a950e54933f880aeefb14,1.0,B000A0C2E4
61413e4ac23a950e54933f880aeefb14,1.0,B0FFI8EP4M
61413e4ac23a950e54933f880aeefb14,1.0,B0FFI8VOHW
61413e4ac23a950e54933f880aeefb14,1.0,B000A7NQ7V
61413e4ac23a950e54933f880aeefb14,1.0,B000A85GTK
61413e4ac23a950e54933f880aeefb14,1.0,B000A7ZMIR
61413e4ac23a950e54933f880aeefb14,1.0,B0FFFAIOZT
61413e4ac23a950e54933f880aeefb14,1.0,B0FFFALG94
61413e4ac23a950e54933f880aeefb14,1.0,B000A0C2E4
61413e4ac23a950e54933f880aeefb14,1.0,B0FFI8LL4B
61413e4ac23a950e54933f880aeefb14,1.0,B0FFI8EP4M
61413e4ac23a950e54933f880aeefb14,1.0,B000A87IC9
61413e4ac23a950e54933f880aeefb14,1.0,B0FFI9E3OL
61413e4ac23a950e54933f880aeefb14,1.0,B000A8061Q
61413e4ac23a950e54933f880aeefb14,1.0,B0FFI93IT0
61413e4ac23a950e54933f880aeefb14,1.0,B000A805V2
61413e4ac23a950e54933f880aeefb14,1.0,B000A7NQ7V
61413e4ac23a950e54933f880aeefb14,1.0,B0FFI8LL4B
61413e4ac23a950e54933f880aeefb14,1.0,B000A85GE0
61413e4ac23a950e54933f880aeefb14,1.0,B000A8WWAL
61413e4ac23a950e54933f880aeefb14,1.0,B000A85GE2
61413e4ac23a950e54933f880aeefb14,1.0,B0FFI8Y795
61413e4ac23a950e54933f880aeefb14,1.0,B0FFI91YX4
61413e4ac23a950e54933f880aeefb14,1.0,B0FFHXQ4VV
61413e4ac23a950e54933f880aeefb14,1.0,B0FFI93J0K
61413e4ac23a950e54933f880aeefb14,1.0,B000A8W3SS
61413e4ac23a950e54933f880aeefb14,1.0,B0FFFSTE9H
61413e4ac23a950e54933f880aeefb14,1.0,B000A85GE0
61413e4ac23a950e54933f880aeefb14,1.0,B0FFGY95ZG
61413e4ac23a950e54933f880aeefb14,1.0,B0FFI933GP
61413e4ac23a950e54933f880aeefb14,1.0,B0FFFSTE9H
61413e4ac23a950e54933f880aeefb14,1.0,B000A83K3G
61413e4ac23a950e54933f880aeefb14,1.0,B0FFF41R8I
61413e4ac23a950e54933f880aeefb14,1.0,B000A843KH
61413e4ac23a950e54933f880aeefb14,1.0,B0FFGY95ZG
61413e4ac23a950e54933f880aeefb14,1.0,B0FFI901ZA
551a7b2f68c1e9374d66db207e9f7525,1.0,B0FFFAIOZT
551a7b2f68c1e9374d66db207e9f7525,1.0,B000A9PPB2
551a7b2f68c1e9374d66db207e9f7525,1.0,B0FFI8C4LC
551a7b2f68c1e9374d66db207e9f7525,1.0,B000A7QQKO
551a7b2f68c1e9374d66db207e9f7525,1.0,B000A805O7
551a7b2f68c1e9374d66db207e9f7525,1.0,B0FFI9CYVV
551a7b2f68c1e9374d66db207e9f7525,1.0,B0FFI8VOHW
551a7b2f68c1e9374d66db207e9f7525,1.0,B0FFI933GP
551a7b2f68c1e9374d66db207e9f7525,1.0,B000A87QJ9
551a7b2f68c1e9374d66db207e9f7525,1.0,B000A7XRRR
551a7b2f68c1e9374d66db207e9f7525,1.0,B000A87QJ9
551a7b2f68c1e9374d66db207e9f7525,1.0,B0FFI8XMD1
551a7b2f68c1e9374d66db207e9f7525,1.0,B000A7ZMIR
551a7b2f68c1e9374d66db207e9f7525,1.0,B0FFI8VOHW
551a7b2f68c1e9374d66db207e9f7525,1.0,B000A7XRRR
551a7b2f68c1e9374d66db207e9f7525,1.0,B000A0E023
551a7b2f68c1e9374d66db207e9f7525,1.0,B000A9PPB2
551a7b2f68c1e9374d66db207e9f7525,1.0,B0FFI8VOHW
551a7b2f68c1e9374d66db207e9f7525,1.0,B000A87QJ9
551a7b2f68c1e9374d66db207e9f7525,1.0,B0FFFQ6V38
551a7b2f68c1e9374d66db207e9f7525,1.0,B0FFI91YX4
551a7b2f68c1e9374d66db207e9f7525,1.0,B000A805O7
551a7b2f68c1e9374d66db207e9f7525,1.0,B0FFI1UHQO
551a7b2f68c1e9374d66db207e9f7525,1.0,B0FFG4HTWP
551a7b2f68c1e9374d66db207e9f7525,1.0,B000A9PPB2
551a7b2f68c1e9374d66db207e9f7525,1.0,B0FFGVEQ3C
551a7b2f68c1e9374d66db207e9f7525,1.0,B000A87IC9
551a7b2f68c1e9374d66db207e9f7525,1.0,B000A805NJ
551a7b2f68c1e9374d66db207e9f7525,1.0,B0FFI8Y795
551a7b2f68c1e9374d66db207e9f7525,1.0,B000A85GTK
551a7b2f68c1e9374d66db207e9f7525,1.0,B0FFI8Y795
551a7b2f68c1e9374d66db207e9f7525,1.0,B0FFG4HTWP
551a7b2f68c1e9374d66db207e9f7525,1.0,B0FFI8LL4B
551a7b2f68c1e9374d66db207e9f7525,1.0,B0FFI8VOHW
551a7b2f68c1e9374d66db207e9f7525,1.0,B000A8WV6A
551a7b2f68c1e9374d66db207e9f7525,1.0,B0FFI9CYVV
551a7b2f68c1e9374d66db207e9f7525,1.0,B000A87IC9
551a7b2f68c1e9374d66db207e9f7525,1.0,B000A9PPB2
551a7b2f68c1e9374d66db207e9f7525,1.0,B000A8W3SS
551a7b2f68c1e9374d66db207e9f7525,1.0,B0FFI9CYVV
551a7b2f68c1e9374d66db207e9f7525,1.0,B000A805V2
551a7b2f68c1e9374d66db207e9f7525,1.0,B000A80ZU6
551a7b2f68c1e9374d66db207e9f7525,1.0,B0FFFSTE9H
551a7b2f68c1e9374d66db207e9f7525,1.0,B000A805V2
551a7b2f68c1e9374d66db207e9f7525,1.0,B000A9PPB2
551a7b2f68c1e9374d66db207e9f7525,1.0,B000A875MD
551a7b2f68c1e9374d66db207e9f7525,1.0,B0FFG4HTWP
551a7b2f68c1e9374d66db207e9f7525,1.0,B000A7GWO5
551a7b2f68c1e9374d66db207e9f7525,1.0,B000A85GTK
551a7b2f68c1e9374d66db207e9f7525,1.0,B000A8WV6A
551a7b2f68c1e9374d66db207e9f7525,1.0,B000A0C2E4
551a7b2f68c1e9374d66db207e9f7525,1.0,B0FFFQ6V38
551a7b2f68c1e9374d66db207e9f7525,1.0,B0FFI8LL4B
551a7b2f68c1e9374d66db207e9f7525,1.0,B0FFI8Y795
551a7b2f68c1e9374d66db207e9f7525,1.0,B000A9QZD8
551a7b2f68c1e9374d66db207e9f7525,1.0,B0FFI9E3OL
551a7b2f68c1e9374d66db207e9f7525,1.0,B0FFI9CYVV
551a7b2f68c1e9374d66db207e9f7525,1.0,B0FFGY95ZG
551a7b2f68c1e9374d66db207e9f7525,1.0,B000A8W3SS
551a7b2f68c1e9374d66db207e9f7525,1.0,B000A84I1G
551a7b2f68c1e9374d66db207e9f7525,1.0,B000A87IC9
551a7b2f68c1e9374d66db207e9f7525,1.0,B0FFI8XMD1
551a7b2f68c1e9374d66db207e9f7525,1.0,B0FFFALG94
551a7b2f68c1e9374d66db207e9f7525,1.0,B000A87IC9
551a7b2f68c1e9374d66db207e9f7525,1.0,B000A7ZMDK
551a7b2f68c1e9374d66db207e9f7525,1.0,B000A87QJ9
bdecd916f63bbe1f1bbf7c0c761c7b5a,1.0,B000A7O1C3
bdecd916f63bbe1f1bbf7c0c761c7b5a,1.0,B000A843KH
bdecd916f63bbe1f1bbf7c0c761c7b5a,1.0,B000A7ZMIR
bdecd916f63bbe1f1bbf7c0c761c7b5a,1.0,B000A843KH
bdecd916f63bbe1f1bbf7c0c761c7b5a,1.0,B000A7PKTD
bdecd916f63bbe1f1bbf7c0c761c7b5a,1.0,B0FFI1UHQO
bdecd916f63bbe1f1bbf7c0c761c7b5a,1.0,B0FFHDMPWG
bdecd916f63bbe1f1bbf7c0c761c7b5a,1.0,B000A875MD
bdecd916f63bbe1f1bbf7c0c761c7b5a,1.0,B000A7O1C3
bdecd916f63bbe1f1bbf7c0c761c7b5a,1.0,B0FFI8XMD1
bdecd916f63bbe1f1bbf7c0c761c7b5a,1.0,B000A7PKTD
bdecd916f63bbe1f1bbf7c0c761c7b5a,1.0,B0FFG4HTWP
bdecd916f63bbe1f1bbf7c0c761c7b5a,1.0,B000A9QZD8
bdecd916f63bbe1f1bbf7c0c761c7b5a,1.0,B0FFI8VOHW
bdecd916f63bbe1f1bbf7c0c761c7b5a,1.0,B000A7O1C3
bdecd916f63bbe1f1bbf7c0c761c7b5a,1.0,B0FFI8XMD1
bdecd916f63bbe1f1bbf7c0c761c7b5a,1.0,B000A7QQKO
bdecd916f63bbe1f1bbf7c0c761c7b5a,1.0,B0FFG4HTWP
bdecd916f63bbe1f1bbf7c0c761c7b5a,1.0,B0FFGVEQ3C
bdecd916f63bbe1f1bbf7c0c761c7b5a,1.0,B000A85GE2
bdecd916f63bbe1f1bbf7c0c761c7b5a,1.0,B0FFI9CYVV
bdecd916f63bbe1f1bbf7c0c761c7b5a,1.0,B000A80ZU6
bdecd916f63bbe1f1bbf7c0c761c7b5a,1.0,B0FFF41R8I
bdecd916f63bbe1f1bbf7c0c761c7b5a,1.0,B0FFFQ6V38
bdecd916f63bbe1f1bbf7c0c761c7b5a,1.0,B000A8UOVR
bdecd916f63bbe1f1bbf7c0c761c7b5a,1.0,B000A84I1G
bdecd916f63bbe1f1bbf7c0c761c7b5a,1.0,B000A85GE2
bdecd916f63bbe1f1bbf7c0c761c7b5a,1.0,B0FFHDMPWG
bdecd916f63bbe1f1bbf7c0c761c7b5a,1.0,B000A0E023
bdecd916f63bbe1f1bbf7c0c761c7b5a,1.0,B0FFFQ6V38
bdecd916f63bbe1f1bbf7c0c761c7b5a,1.0,B0FFI8Y795
bdecd916f63bbe1f1bbf7c0c761c7b5a,1.0,B0FFI91YX4
bdecd916f63bbe1f1bbf7c0c761c7b5a,1.0,B0FFFALG94
bdecd916f63bbe1f1bbf7c0c761c7b5a,1.0,B000A7NQ7V
bdecd916f63bbe1f1bbf7c0c761c7b5a,1.0,B0FFI91YX4
bdecd916f63bbe1f1bbf7c0c761c7b5a,1.0,B0FFG4HTWP
c5cd9748407a054789ae89dd66acfa5b,1.0,B000A7NQ7V
c5cd9748407a054789ae89dd66acfa5b,1.0,B0FFHXQ4VV
c5cd9748407a054789ae89dd66acfa5b,1.0,B0FFFAIOZT
c5cd9748407a054789ae89dd66acfa5b,1.0,B000A7NQ7V
c5cd9748407a054789ae89dd66acfa5b,1.0,B0FFGY95ZG
c5cd9748407a054789ae89dd66acfa5b,1.0,B000A8W3SS
c5cd9748407a054789ae89dd66acfa5b,1.0,B000A9PPB2
c5cd9748407a054789ae89dd66acfa5b,1.0,B0FFF41R8I
c5cd9748407a054789ae89dd66acfa5b,1.0,B0FFI8EP4M
c5cd9748407a054789ae89dd66acfa5b,1.0,B000A84I1G
c5cd9748407a054789ae89dd66acfa5b,1.0,B0FFI8VOH9
c5cd9748407a054789ae89dd66acfa5b,1.0,B0FFF41R8I
c5cd9748407a054789ae89dd66acfa5b,1.0,B0FFG4HTWP
c5cd9748407a054789ae89dd66acfa5b,1.0,B000A7NQ7V
c5cd9748407a054789ae89dd66acfa5b,1.0,B0FFI9DLOS
c5cd9748407a054789ae89dd66acfa5b,1.0,B0FFI93J0K
c5cd9748407a054789ae89dd66acfa5b,1.0,B0FFI8C4LC
c5cd9748407a054789ae89dd66acfa5b,1.0,B0FFG4HTWP
c5cd9748407a054789ae89dd66acfa5b,1.0,B0FFI901ZA
c5cd9748407a054789ae89dd66acfa5b,1.0,B000A80ZU6
c5cd9748407a054789ae89dd66acfa5b,1.0,B0FFI8EP4M
c5cd9748407a054789ae89dd66acfa5b,1.0,B000A7O1C3
c5cd9748407a054789ae89dd66acfa5b,1.0,B000A8WV6A
c5cd9748407a054789ae89dd66acfa5b,1.0,B0FFI8VOH9
c5cd9748407a054789ae89dd66acfa5b,1.0,B0FFF41R8I
c5cd9748407a054789ae89dd66acfa5b,1.0,B000A7ZMDK
c5cd9748407a054789ae89dd66acfa5b,1.0,B0FFI8EP4M
c5cd9748407a054789ae89dd66acfa5b,1.0,B000A9QZD8
c5cd9748407a054789ae89dd66acfa5b,1.0,B0FFGY95ZG
c5cd9748407a054789ae89dd66acfa5b,1.0,B000A805NJ
c5cd9748407a054789ae89dd66acfa5b,1.0,B0FFI933GP
c5cd9748407a054789ae89dd66acfa5b,1.0,B0FFFALG94
c5cd9748407a054789ae89dd66acfa5b,1.0,B0FFI91YX4
c5cd9748407a054789ae89dd66acfa5b,1.0,B000A87QJ9
c5cd9748407a054789ae89dd66acfa5b,1.0,B0FFFAIOZT
c5cd9748407a054789ae89dd66acfa5b,1.0,B000A21A9B
c5cd9748407a054789ae89dd66acfa5b,1.0,B0FFFQ6V38
c5cd9748407a054789ae89dd66acfa5b,1.0,B000A7XRRR
c5cd9748407a054789ae89dd66acfa5b,1.0,B0FFF41R8I
c5cd9748407a054789ae89dd66acfa5b,1.0,B0FFHRNP92
c5cd9748407a054789ae89dd66acfa5b,1.0,B0FFI8EP4M
c5cd9748407a054789ae89dd66acfa5b,1.0,B000A9QZD8
c5cd9748407a054789ae89dd66acfa5b,1.0,B0FFI8Y795
c5cd9748407a054789ae89dd66acfa5b,1.0,B0FFGVEQ3C
c5cd9748407a054789ae89dd66acfa5b,1.0,B000A0C2E4
c5cd9748407a054789ae89dd66acfa5b,1.0,B0FFGY95ZG
c5cd9748407a054789ae89dd66acfa5b,1.0,B0FFI8LL4B
c5cd9748407a054789ae89dd66acfa5b,1.0,B0FFI8EP4M
c5cd9748407a054789ae89dd66acfa5b,1.0,B0FFI8XMD1
c5cd9748407a054789ae89dd66acfa5b,1.0,B000A85GLF
c5cd9748407a054789ae89dd66acfa5b,1.0,B000A21A9B
551a7b2f68c1e9374d66db207e9f7525,1.0,B0FFI8LL4B
551a7b2f68c1e9374d66db207e9f7525,1.0,B000A85GLF
551a7b2f68c1e9374d66db207e9f7525,1.0,B0FFI8Y795
551a7b2f68c1e9374d66db207e9f7525,1.0,B0FFI8LL4B
551a7b2f68c1e9374d66db207e9f7525,1.0,B000A7ZMDK
551a7b2f68c1e9374d66db207e9f7525,1.0,B000A85GTK
551a7b2f68c1e9374d66db207e9f7525,1.0,B000A875MD
551a7b2f68c1e9374d66db207e9f7525,1.0,B0FFI93IT0
551a7b2f68c1e9374d66db207e9f7525,1.0,B0FFG4HTWP
551a7b2f68c1e9374d66db207e9f7525,1.0,B000A8WV6A
551a7b2f68c1e9374d66db207e9f7525,1.0,B000A85GLF
551a7b2f68c1e9374d66db207e9f7525,1.0,B0FFI933GP
551a7b2f68c1e9374d66db207e9f7525,1.0,B000A8061Q
551a7b2f68c1e9374d66db207e9f7525,1.0,B0FFI9DLOS
551a7b2f68c1e9374d66db207e9f7525,1.0,B0FFI9DLOS
551a7b2f68c1e9374d66db207e9f7525,1.0,B000A21A9B
551a7b2f68c1e9374d66db207e9f7525,1.0,B000A87IC9
551a7b2f68c1e9374d66db207e9f7525,1.0,B000A0E023
551a7b2f68c1e9374d66db207e9f7525,1.0,B0FFI9DLOS
551a7b2f68c1e9374d66db207e9f7525,1.0,B000A87QJ9
551a7b2f68c1e9374d66db207e9f7525,1.0,B0FFI93IT0
551a7b2f68c1e9374d66db207e9f7525,1.0,B000A87IC9
551a7b2f68c1e9374d66db207e9f7525,1.0,B000A7O1C3
551a7b2f68c1e9374d66db207e9f7525,1.0,B0FFF41R8I
551a7b2f68c1e9374d66db207e9f7525,1.0,B0FFF41R8I
551a7b2f68c1e9374d66db207e9f7525,1.0,B000A7ZMDK
551a7b2f68c1e9374d66db207e9f7525,1.0,B0FFI8C4LC
551a7b2f68c1e9374d66db207e9f7525,1.0,B0FFFSTE9H
551a7b2f68c1e9374d66db207e9f7525,1.0,B000A805O7
551a7b2f68c1e9374d66db207e9f7525,1.0,B000A7ZMDK
551a7b2f68c1e9374d66db207e9f7525,1.0,B0FFHXQ4VV
551a7b2f68c1e9374d66db207e9f7525,1.0,B000A8W3SS
551a7b2f68c1e9374d66db207e9f7525,1.0,B000A875MD
551a7b2f68c1e9374d66db207e9f7525,1.0,B0FFI93IT0
551a7b2f68c1e9374d66db207e9f7525,1.0,B000A87IC9
551a7b2f68c1e9374d66db207e9f7525,1.0,B0FFI1UHQO
551a7b2f68c1e9374d66db207e9f7525,1.0,B0FFI8VOHW
551a7b2f68c1e9374d66db207e9f7525,1.0,B000A87IC9
551a7b2f68c1e9374d66db207e9f7525,1.0,B000A843KH
551a7b2f68c1e9374d66db207e9f7525,1.0,B0FFGY95ZG
551a7b2f68c1e9374d66db207e9f7525,1.0,B0FFI8XMD1
551a7b2f68c1e9374d66db207e9f7525,1.0,B0FFI8C4LC
551a7b2f68c1e9374d66db207e9f7525,1.0,B000A8WWAL
551a7b2f68c1e9374d66db207e9f7525,1.0,B000A7QQKO
551a7b2f68c1e9374d66db207e9f7525,1.0,B000A85GLF
551a7b2f68c1e9374d66db207e9f7525,1.0,B000A7ZMDK
551a7b2f68c1e9374d66db207e9f7525,1.0,B000A84I1G
551a7b2f68c1e9374d66db207e9f7525,1.0,B000A7ZMDK
551a7b2f68c1e9374d66db207e9f7525,1.0,B000A9QZD8
551a7b2f68c1e9374d66db207e9f7525,1.0,B000A8WYRC
022079f406ed72713a1de80e7da7c9b9,1.0,B0FFI8XMD1
022079f406ed72713a1de80e7da7c9b9,1.0,B0FFI1UHQO
022079f406ed72713a1de80e7da7c9b9,1.0,B000A805O7
022079f406ed72713a1de80e7da7c9b9,1.0,B0FFHXQ4VV
022079f406ed72713a1de80e7da7c9b9,1.0,B000A7XRRR
022079f406ed72713a1de80e7da7c9b9,1.0,B000A7O1C3
022079f406ed72713a1de80e7da7c9b9,1.0,B000A8W3SS
022079f406ed72713a1de80e7da7c9b9,1.0,B0FFFAIOZT
022079f406ed72713a1de80e7da7c9b9,1.0,B0FFI8C4LC
022079f406ed72713a1de80e7da7c9b9,1.0,B000A843KH
022079f406ed72713a1de80e7da7c9b9,1.0,B000A8W3SS
022079f406ed72713a1de80e7da7c9b9,1.0,B0FFHRNP92
022079f406ed72713a1de80e7da7c9b9,1.0,B000A84I1G
022079f406ed72713a1de80e7da7c9b9,1.0,B000A85GTK
022079f406ed72713a1de80e7da7c9b9,1.0,B0FFHXQ4VV
022079f406ed72713a1de80e7da7c9b9,1.0,B000A7O1C3
022079f406ed72713a1de80e7da7c9b9,1.0,B0FFHDMPWG
022079f406ed72713a1de80e7da7c9b9,1.0,B0FFFALG94
022079f406ed72713a1de80e7da7c9b9,1.0,B000A83K3G
022079f406ed72713a1de80e7da7c9b9,1.0,B0FFGVEQ3C
022079f406ed72713a1de80e7da7c9b9,1.0,B0FFI9CYVV
022079f406ed72713a1de80e7da7c9b9,1.0,B000A21A9B
022079f406ed72713a1de80e7da7c9b9,1.0,B0FFGVEQ3C
022079f406ed72713a1de80e7da7c9b9,1.0,B000A83K3G
022079f406ed72713a1de80e7da7c9b9,1.0,B000A9PPB2
022079f406ed72713a1de80e7da7c9b9,1.0,B000A7XRRR
022079f406ed72713a1de80e7da7c9b9,1.0,B000A8W3SS
022079f406ed72713a1de80e7da7c9b9,1.0,B0FFFAIOZT
022079f406ed72713a1de80e7da7c9b9,1.0,B000A805O7
022079f406ed72713a1de80e7da7c9b9,1.0,B0FFI9DLOS
022079f406ed72713a1de80e7da7c9b9,1.0,B000A7NQ7V
022079f406ed72713a1de80e7da7c9b9,1.0,B000A85GLF
022079f406ed72713a1de80e7da7c9b9,1.0,B000A805V2
022079f406ed72713a1de80e7da7c9b9,1.0,B000A7NQ7V
022079f406ed72713a1de80e7da7c9b9,1.0,B000A9QZD8
022079f406ed72713a1de80e7da7c9b9,1.0,B000A7NQ7V
022079f406ed72713a1de80e7da7c9b9,1.0,B000A87QJ9
022079f406ed72713a1de80e7da7c9b9,1.0,B000A8WWAL
022079f406ed72713a1de80e7da7c9b9,1.0,B0FFI8VOHW
022079f406ed72713a1de80e7da7c9b9,1.0,B0FFFALG94
022079f406ed72713a1de80e7da7c9b9,1.0,B0FFI8C4LC
022079f406ed72713a1de80e7da7c9b9,1.0,B000A8061Q
022079f406ed72713a1de80e7da7c9b9,1.0,B000A7PKTD
022079f406ed72713a1de80e7da7c9b9,1.0,B0FFI91YX4
bdecd916f63bbe1f1bbf7c0c761c7b5a,1.0,B0FFHRNP92
bdecd916f63bbe1f1bbf7c0c761c7b5a,1.0,B0FFHDMPWG
bdecd916f63bbe1f1bbf7c0c761c7b5a,1.0,B000A7QQKO
bdecd916f63bbe1f1bbf7c0c761c7b5a,1.0,B0FFI933GP
bdecd916f63bbe1f1bbf7c0c761c7b5a,1.0,B000A85GE0
bdecd916f63bbe1f1bbf7c0c761c7b5a,1.0,B0FFI933GP
bdecd916f63bbe1f1bbf7c0c761c7b5a,1.0,B000A8W3SS
bdecd916f63bbe1f1bbf7c0c761c7b5a,1.0,B0FFI8EP4M
bdecd916f63bbe1f1bbf7c0c761c7b5a,1.0,B0FFI8EP4M
bdecd916f63bbe1f1bbf7c0c761c7b5a,1.0,B000A7QQKO
bdecd916f63bbe1f1bbf7c0c761c7b5a,1.0,B0FFI8LL4B
bdecd916f63bbe1f1bbf7c0c761c7b5a,1.0,B000A7NQ7V
bdecd916f63bbe1f1bbf7c0c761c7b5a,1.0,B000A7XRRR
bdecd916f63bbe1f1bbf7c0c761c7b5a,1.0,B0FFF41R8I
bdecd916f63bbe1f1bbf7c0c761c7b5a,1.0,B0FFI933GP
bdecd916f63bbe1f1bbf7c0c761c7b5a,1.0,B000A8UOVR
bdecd916f63bbe1f1bbf7c0c761c7b5a,1.0,B000A9PPB2
bdecd916f63bbe1f1bbf7c0c761c7b5a,1.0,B0FFHDMPWG
bdecd916f63bbe1f1bbf7c0c761c7b5a,1.0,B0FFI8C4LC
bdecd916f63bbe1f1bbf7c0c761c7b5a,1.0,B0FFG4HTWP
bdecd916f63bbe1f1bbf7c0c761c7b5a,1.0,B000A80ZU6
bdecd916f63bbe1f1bbf7c0c761c7b5a,1.0,B000A8W3SS
bdecd916f63bbe1f1bbf7c0c761c7b5a,1.0,B000A9QZD8
bdecd916f63bbe1f1bbf7c0c761c7b5a,1.0,B0FFFALG94
bdecd916f63bbe1f1bbf7c0c761c7b5a,1.0,B000A875MD
bdecd916f63bbe1f1bbf7c0c761c7b5a,1.0,B000A7ZMIR
bdecd916f63bbe1f1bbf7c0c761c7b5a,1.0,B0FFI93J0K
bdecd916f63bbe1f1bbf7c0c761c7b5a,1.0,B000A805NJ
bdecd916f63bbe1f1bbf7c0c761c7b5a,1.0,B0FFI8LL4B
bdecd916f63bbe1f1bbf7c0c761c7b5a,1.0,B000A9PPB2
bdecd916f63bbe1f1bbf7c0c761c7b5a,1.0,B0FFI8VOH9
bdecd916f63bbe1f1bbf7c0c761c7b5a,1.0,B0FFI8Y795
bdecd916f63bbe1f1bbf7c0c761c7b5a,1.0,B000A805NJ
bdecd916f63bbe1f1bbf7c0c761c7b5a,1.0,B000A7GWO5
bdecd916f63bbe1f1bbf7c0c761c7b5a,1.0,B0FFI901ZA
bdecd916f63bbe1f1bbf7c0c761c7b5a,1.0,B0FFI901ZA
bdecd916f63bbe1f1bbf7c0c761c7b5a,1.0,B000A21A9B
bdecd916f63bbe1f1bbf7c0c761c7b5a,1.0,B0FFI8VOHW
bdecd916f63bbe1f1bbf7c0c761c7b5a,1.0,B000A805NJ
bdecd916f63bbe1f1bbf7c0c761c7b5a,1.0,B000A9QZD8
bdecd916f63bbe1f1bbf7c0c761c7b5a,1.0,B0FFI8Y795
bdecd916f63bbe1f1bbf7c0c761c7b5a,1.0,B0FFHDMPWG
bdecd916f63bbe1f1bbf7c0c761c7b5a,1.0,B000A83K3G
bdecd916f63bbe1f1bbf7c0c761c7b5a,1.0,B000A7ZMDK
bdecd916f63bbe1f1bbf7c0c761c7b5a,1.0,B000A7QQKO
bdecd916f63bbe1f1bbf7c0c761c7b5a,1.0,B000A21A9B
bdecd916f63bbe1f1bbf7c0c761c7b5a,1.0,B0FFI901ZA
bdecd916f63bbe1f1bbf7c0c761c7b5a,1.0,B0FFF41R8I
bdecd916f63bbe1f1bbf7c0c761c7b5a,1.0,B000A85GTK
bdecd916f63bbe1f1bbf7c0c761c7b5a,1.0,B0FFFSTE9H
bdecd916f63bbe1f1bbf7c0c761c7b5a,1.0,B000A0E023
bdecd916f63bbe1f1bbf7c0c761c7b5a,1.0,B000A7QQKO
bdecd916f63bbe1f1bbf7c0c761c7b5a,1.0,B0FFI8VOH9
bdecd916f63bbe1f1bbf7c0c761c7b5a,1.0,B0FFI8XMD1
bdecd916f63bbe1f1bbf7c0c761c7b5a,1.0,B000A7ZMDK
bdecd916f63bbe1f1bbf7c0c761c7b5a,1.0,B0FFI9CYVV
bdecd916f63bbe1f1bbf7c0c761c7b5a,1.0,B000A7O1C3
bdecd916f63bbe1f1bbf7c0c761c7b5a,1.0,B0FFI8VOH9
bdecd916f63bbe1f1bbf7c0c761c7b5a,1.0,B0FFI8VOHW
bdecd916f63bbe1f1bbf7c0c761c7b5a,1.0,B000A8UOVR
bdecd916f63bbe1f1bbf7c0c761c7b5a,1.0,B0FFFSTE9H
bdecd916f63bbe1f1bbf7c0c761c7b5a,1.0,B000A9PPB2
bdecd916f63bbe1f1bbf7c0c761c7b5a,1.0,B0FFI9DLOS
bdecd916f63bbe1f1bbf7c0c761c7b5a,1.0,B000A805O7
bdecd916f63bbe1f1bbf7c0c761c7b5a,1.0,B0FFG4HTWP
bdecd916f63bbe1f1bbf7c0c761c7b5a,1.0,B0FFI9CYVV
bdecd916f63bbe1f1bbf7c0c761c7b5a,1.0,B0FFHXQ4VV
bdecd916f63bbe1f1bbf7c0c761c7b5a,1.0,B000A0E023
bdecd916f63bbe1f1bbf7c0c761c7b5a,1.0,B000A805V2
bdecd916f63bbe1f1bbf7c0c761c7b5a,1.0,B0FFHRNP92
da3bfc885d08e894ab111a3fbf91d2ca,1.0,B000A805NJ
da3bfc885d08e894ab111a3fbf91d2ca,1.0,B0FFI8VOH9
da3bfc885d08e894ab111a3fbf91d2ca,1.0,B000A21A9B
da3bfc885d08e894ab111a3fbf91d2ca,1.0,B0FFI93J0K
da3bfc885d08e894ab111a3fbf91d2ca,1.0,B0FFFSTE9H
da3bfc885d08e894ab111a3fbf91d2ca,1.0,B0FFF41R8I
da3bfc885d08e894ab111a3fbf91d2ca,1.0,B000A9QZD8
da3bfc885d08e894ab111a3fbf91d2ca,1.0,B000A87QJ9
da3bfc885d08e894ab111a3fbf91d2ca,1.0,B000A87IC9
da3bfc885d08e894ab111a3fbf91d2ca,1.0,B000A7XRRR
da3bfc885d08e894ab111a3fbf91d2ca,1.0,B0FFI8VOHW
da3bfc885d08e894ab111a3fbf91d2ca,1.0,B000A7NQ7V
da3bfc885d08e894ab111a3fbf91d2ca,1.0,B000A85GLF
da3bfc885d08e894ab111a3fbf91d2ca,1.0,B0FFI8LL4B
da3bfc885d08e894ab111a3fbf91d2ca,1.0,B0FFI933GP
da3bfc885d08e894ab111a3fbf91d2ca,1.0,B000A87IC9
da3bfc885d08e894ab111a3fbf91d2ca,1.0,B000A0C2E4
da3bfc885d08e894ab111a3fbf91d2ca,1.0,B0FFI8LL4B
da3bfc885d08e894ab111a3fbf91d2ca,1.0,B0FFGVEQ3C
da3bfc885d08e894ab111a3fbf91d2ca,1.0,B0FFI9CYVV
da3bfc885d08e894ab111a3fbf91d2ca,1.0,B000A7O1C3
da3bfc885d08e894ab111a3fbf91d2ca,1.0,B0FFFALG94
da3bfc885d08e894ab111a3fbf91d2ca,1.0,B0FFHDMPWG
da3bfc885d08e894ab111a3fbf91d2ca,1.0,B0FFGY95ZG
da3bfc885d08e894ab111a3fbf91d2ca,1.0,B0FFI8VOHW
da3bfc885d08e894ab111a3fbf91d2ca,1.0,B000A7XRRR
da3bfc885d08e894ab111a3fbf91d2ca,1.0,B0FFFSTE9H
da3bfc885d08e894ab111a3fbf91d2ca,1.0,B0FFI8VOH9
da3bfc885d08e894ab111a3fbf91d2ca,1.0,B0FFI9DLOS
da3bfc885d08e894ab111a3fbf91d2ca,1.0,B000A805V2
da3bfc885d08e894ab111a3fbf91d2ca,1.0,B0FFHXQ4VV
da3bfc885d08e894ab111a3fbf91d2ca,1.0,B000A0C2E4
da3bfc885d08e894ab111a3fbf91d2ca,1.0,B000A83K3G
da3bfc885d08e894ab111a3fbf91d2ca,1.0,B0FFI8XMD1
da3bfc885d08e894ab111a3fbf91d2ca,1.0,B000A87QJ9
da3bfc885d08e894ab111a3fbf91d2ca,1.0,B000A8WWAL
da3bfc885d08e894ab111a3fbf91d2ca,1.0,B0FFFQ6V38
da3bfc885d08e894ab111a3fbf91d2ca,1.0,B000A7PKTD
da3bfc885d08e894ab111a3fbf91d2ca,1.0,B000A7ZMDK
da3bfc885d08e894ab111a3fbf91d2ca,1.0,B0FFG4HTWP
da3bfc885d08e894ab111a3fbf91d2ca,1.0,B0FFGY95ZG
da3bfc885d08e894ab111a3fbf91d2ca,1.0,B000A8W3SS
da3bfc885d08e894ab111a3fbf91d2ca,1.0,B0FFI933GP
da3bfc885d08e894ab111a3fbf91d2ca,1.0,B000A85GTK
da3bfc885d08e894ab111a3fbf91d2ca,1.0,B0FFI1UHQO
da3bfc885d08e894ab111a3fbf91d2ca,1.0,B0FFI1UHQO
da3bfc885d08e894ab111a3fbf91d2ca,1.0,B0FFI8XMD1
da3bfc885d08e894ab111a3fbf91d2ca,1.0,B000A7ZMIR
da3bfc885d08e894ab111a3fbf91d2ca,1.0,B0FFHXQ4VV
da3bfc885d08e894ab111a3fbf91d2ca,1.0,B0FFI1UHQO
da3bfc885d08e894ab111a3fbf91d2ca,1.0,B000A87IC9
da3bfc885d08e894ab111a3fbf91d2ca,1.0,B000A8WWAL
da3bfc885d08e894ab111a3fbf91d2ca,1.0,B000A84I1G
da3bfc885d08e894ab111a3fbf91d2ca,1.0,B000A85GE2
da3bfc885d08e894ab111a3fbf91d2ca,1.0,B000A85GLF
da3bfc885d08e894ab111a3fbf91d2ca,1.0,B0FFI8C4LC
da3bfc885d08e894ab111a3fbf91d2ca,1.0,B0FFI9DLOS
da3bfc885d08e894ab111a3fbf91d2ca,1.0,B000A85GE2
da3bfc885d08e894ab111a3fbf91d2ca,1.0,B0FFI8C4LC
da3bfc885d08e894ab111a3fbf91d2ca,1.0,B0FFI8C4LC
da3bfc885d08e894ab111a3fbf91d2ca,1.0,B000A8WV6A
da3bfc885d08e894ab111a3fbf91d2ca,1.0,B000A85GE2
da3bfc885d08e894ab111a3fbf91d2ca,1.0,B0FFFSTE9H
da3bfc885d08e894ab111a3fbf91d2ca,1.0,B000A805NJ
da3bfc885d08e894ab111a3fbf91d2ca,1.0,B0FFHDMPWG
da3bfc885d08e894ab111a3fbf91d2ca,1.0,B000A21A9B
da3bfc885d08e894ab111a3fbf91d2ca,1.0,B000A7PKTD
da3bfc885d08e894ab111a3fbf91d2ca,1.0,B0FFI8VOH9
da3bfc885d08e894ab111a3fbf91d2ca,1.0,B000A7ZMDK
da3bfc885d08e894ab111a3fbf91d2ca,1.0,B0FFI8VOH9
da3bfc885d08e894ab111a3fbf91d2ca,1.0,B0FFHRNP92
da3bfc885d08e894ab111a3fbf91d2ca,1.0,B000A843KH
da3bfc885d08e894ab111a3fbf91d2ca,1.0,B000A80ZU6
da3bfc885d08e894ab111a3fbf91d2ca,1.0,B0FFI8LL4B
da3bfc885d08e894ab111a3fbf91d2ca,1.0,B000A8WV6A
da3bfc885d08e894ab111a3fbf91d2ca,1.0,B000A805O7
da3bfc885d08e894ab111a3fbf91d2ca,1.0,B0FFI8Y795
da3bfc885d08e894ab111a3fbf91d2ca,1.0,B000A85GE2
da3bfc885d08e894ab111a3fbf91d2ca,1.0,B0FFI8C4LC
da3bfc885d08e894ab111a3fbf91d2ca,1.0,B0FFI8EP4M
94615e8cc1f69531248fd66358e4a389,1.0,B000A21A9B
94615e8cc1f69531248fd66358e4a389,1.0,B000A8WV6A
94615e8cc1f69531248fd66358e4a389,1.0,B0FFG4HTWP
94615e8cc1f69531248fd66358e4a389,1.0,B000A8WWAL
94615e8cc1f69531248fd66358e4a389,1.0,B000A805NJ
94615e8cc1f69531248fd66358e4a389,1.0,B000A7NQ7V
94615e8cc1f69531248fd66358e4a389,1.0,B000A0C2E4
94615e8cc1f69531248fd66358e4a389,1.0,B000A85GLF
94615e8cc1f69531248fd66358e4a389,1.0,B0FFI8VOHW
94615e8cc1f69531248fd66358e4a389,1.0,B000A85GE0
94615e8cc1f69531248fd66358e4a389,1.0,B0FFI901ZA
94615e8cc1f69531248fd66358e4a389,1.0,B0FFFSTE9H
94615e8cc1f69531248fd66358e4a389,1.0,B0FFG4HTWP
94615e8cc1f69531248fd66358e4a389,1.0,B000A7QQKO
94615e8cc1f69531248fd66358e4a389,1.0,B0FFI1UHQO
94615e8cc1f69531248fd66358e4a389,1.0,B0FFI1UHQO
94615e8cc1f69531248fd66358e4a389,1.0,B000A7O1C3
94615e8cc1f69531248fd66358e4a389,1.0,B0FFHDMPWG
94615e8cc1f69531248fd66358e4a389,1.0,B0FFI9DLOS
94615e8cc1f69531248fd66358e4a389,1.0,B0FFI91YX4
94615e8cc1f69531248fd66358e4a389,1.0,B000A85GE2
94615e8cc1f69531248fd66358e4a389,1.0,B000A0C2E4
94615e8cc1f69531248fd66358e4a389,1.0,B0FFI93J0K
94615e8cc1f69531248fd66358e4a389,1.0,B0FFI9CYVV
94615e8cc1f69531248fd66358e4a389,1.0,B0FFFALG94
94615e8cc1f69531248fd66358e4a389,1.0,B0FFI91YX4
94615e8cc1f69531248fd66358e4a389,1.0,B000A7GWO5
94615e8cc1f69531248fd66358e4a389,1.0,B000A875MD
94615e8cc1f69531248fd66358e4a389,1.0,B000A805O7
94615e8cc1f69531248fd66358e4a389,1.0,B0FFI93J0K
94615e8cc1f69531248fd66358e4a389,1.0,B000A7O1C3
94615e8cc1f69531248fd66358e4a389,1.0,B000A0C2E4
94615e8cc1f69531248fd66358e4a389,1.0,B0FFI901ZA
94615e8cc1f69531248fd66358e4a389,1.0,B0FFI1UHQO
94615e8cc1f69531248fd66358e4a389,1.0,B000A87QJ9
94615e8cc1f69531248fd66358e4a389,1.0,B000A85GE2
94615e8cc1f69531248fd66358e4a389,1.0,B000A805O7
94615e8cc1f69531248fd66358e4a389,1.0,B000A7O1C3
94615e8cc1f69531248fd66358e4a389,1.0,B000A85GE0
94615e8cc1f69531248fd66358e4a389,1.0,B000A7XRRR
94615e8cc1f69531248fd66358e4a389,1.0,B0FFI8Y795
94615e8cc1f69531248fd66358e4a389,1.0,B000A85GLF
94615e8cc1f69531248fd66358e4a389,1.0,B0FFI91YX4
94615e8cc1f69531248fd66358e4a389,1.0,B0FFGY95ZG
94615e8cc1f69531248fd66358e4a389,1.0,B0FFI8LL4B
94615e8cc1f69531248fd66358e4a389,1.0,B0FFHXQ4VV
94615e8cc1f69531248fd66358e4a389,1.0,B000A7GWO5
94615e8cc1f69531248fd66358e4a389,1.0,B000A875MD
94615e8cc1f69531248fd66358e4a389,1.0,B0FFI8EP4M
94615e8cc1f69531248fd66358e4a389,1.0,B0FFI9DLOS
94615e8cc1f69531248fd66358e4a389,1.0,B0FFI1UHQO
94615e8cc1f69531248fd66358e4a389,1.0,B0FFI9CYVV
94615e8cc1f69531248fd66358e4a389,1.0,B000A9PPB2
94615e8cc1f69531248fd66358e4a389,1.0,B000A85GE2
94615e8cc1f69531248fd66358e4a389,1.0,B000A7XRRR
94615e8cc1f69531248fd66358e4a389,1.0,B0FFI8EP4M
94615e8cc1f69531248fd66358e4a389,1.0,B0FFI8C4LC
94615e8cc1f69531248fd66358e4a389,1.0,B0FFFSTE9H
94615e8cc1f69531248fd66358e4a389,1.0,B0FFG4HTWP
94615e8cc1f69531248fd66358e4a389,1.0,B0FFFALG94
94615e8cc1f69531248fd66358e4a389,1.0,B000A0C2E4
94615e8cc1f69531248fd66358e4a389,1.0,B000A85GE0
94615e8cc1f69531248fd66358e4a389,1.0,B0FFI8C4LC
94615e8cc1f69531248fd66358e4a389,1.0,B000A0E023
94615e8cc1f69531248fd66358e4a389,1.0,B000A9PPB2
94615e8cc1f69531248fd66358e4a389,1.0,B000A8WV6A
94615e8cc1f69531248fd66358e4a389,1.0,B000A805NJ
94615e8cc1f69531248fd66358e4a389,1.0,B0FFHDMPWG
94615e8cc1f69531248fd66358e4a389,1.0,B000A21A9B
94615e8cc1f69531248fd66358e4a389,1.0,B000A8UOVR
94615e8cc1f69531248fd66358e4a389,1.0,B0FFGY95ZG
94615e8cc1f69531248fd66358e4a389,1.0,B0FFFQ6V38
94615e8cc1f69531248fd66358e4a389,1.0,B0FFI8VOHW
94615e8cc1f69531248fd66358e4a389,1.0,B0FFHDMPWG
94615e8cc1f69531248fd66358e4a389,1.0,B000A84I1G
94615e8cc1f69531248fd66358e4a389,1.0,B000A7ZMIR
94615e8cc1f69531248fd66358e4a389,1.0,B000A0C2E4
94615e8cc1f69531248fd66358e4a389,1.0,B0FFI1UHQO
94615e8cc1f69531248fd66358e4a389,1.0,B000A805V2
94615e8cc1f69531248fd66358e4a389,1.0,B000A875MD
94615e8cc1f69531248fd66358e4a389,1.0,B0FFI8C4LC
94615e8cc1f69531248fd66358e4a389,1.0,B000A85GLF
94615e8cc1f69531248fd66358e4a389,1.0,B000A8UOVR
94615e8cc1f69531248fd66358e4a389,1.0,B000A7NQ7V
94615e8cc1f69531248fd66358e4a389,1.0,B0FFI8VOH9
94615e8cc1f69531248fd66358e4a389,1.0,B0FFFSTE9H
94615e8cc1f69531248fd66358e4a389,1.0,B000A7PKTD
94615e8cc1f69531248fd66358e4a389,1.0,B000A7ZMDK
94615e8cc1f69531248fd66358e4a389,1.0,B0FFGY95ZG
da3bfc885d08e894ab111a3fbf91d2ca,1.0,B0FFF41R8I
da3bfc885d08e894ab111a3fbf91d2ca,1.0,B000A0E023
da3bfc885d08e894ab111a3fbf91d2ca,1.0,B0FFGVEQ3C
da3bfc885d08e894ab111a3fbf91d2ca,1.0,B0FFFQ6V38
da3bfc885d08e894ab111a3fbf91d2ca,1.0,B0FFFSTE9H
da3bfc885d08e894ab111a3fbf91d2ca,1.0,B000A7QQKO
da3bfc885d08e894ab111a3fbf91d2ca,1.0,B000A85GE2
da3bfc885d08e894ab111a3fbf91d2ca,1.0,B000A8WWAL
da3bfc885d08e894ab111a3fbf91d2ca,1.0,B000A9PPB2
da3bfc885d08e894ab111a3fbf91d2ca,1.0,B000A9QZD8
da3bfc885d08e894ab111a3fbf91d2ca,1.0,B000A7XRRR
da3bfc885d08e894ab111a3fbf91d2ca,1.0,B000A7ZMDK
da3bfc885d08e894ab111a3fbf91d2ca,1.0,B000A8W3SS
da3bfc885d08e894ab111a3fbf91d2ca,1.0,B0FFI93IT0
da3bfc885d08e894ab111a3fbf91d2ca,1.0,B0FFI9DLOS
da3bfc885d08e894ab111a3fbf91d2ca,1.0,B0FFI8EP4M
da3bfc885d08e894ab111a3fbf91d2ca,1.0,B0FFI8XMD1
da3bfc885d08e894ab111a3fbf91d2ca,1.0,B0FFI8VOHW
da3bfc885d08e894ab111a3fbf91d2ca,1.0,B000A8UOVR
da3bfc885d08e894ab111a3fbf91d2ca,1.0,B000A85GE2
da3bfc885d08e894ab111a3fbf91d2ca,1.0,B000A7O1C3
da3bfc885d08e894ab111a3fbf91d2ca,1.0,B0FFI93J0K
da3bfc885d08e894ab111a3fbf91d2ca,1.0,B000A805V2
da3bfc885d08e894ab111a3fbf91d2ca,1.0,B000A7XRRR
da3bfc885d08e894ab111a3fbf91d2ca,1.0,B0FFFSTE9H
da3bfc885d08e894ab111a3fbf91d2ca,1.0,B000A7QQKO
da3bfc885d08e894ab111a3fbf91d2ca,1.0,B0FFFALG94
da3bfc885d08e894ab111a3fbf91d2ca,1.0,B000A21A9B
da3bfc885d08e894ab111a3fbf91d2ca,1.0,B0FFI8LL4B
da3bfc885d08e894ab111a3fbf91d2ca,1.0,B000A875MD
da3bfc885d08e894ab111a3fbf91d2ca,1.0,B0FFI8C4LC
da3bfc885d08e894ab111a3fbf91d2ca,1.0,B0FFGY95ZG
da3bfc885d08e894ab111a3fbf91d2ca,1.0,B0FFGY95ZG
da3bfc885d08e894ab111a3fbf91d2ca,1.0,B000A7QQKO
da3bfc885d08e894ab111a3fbf91d2ca,1.0,B000A805V2
da3bfc885d08e894ab111a3fbf91d2ca,1.0,B000A80ZU6
da3bfc885d08e894ab111a3fbf91d2ca,1.0,B0FFI8VOHW
da3bfc885d08e894ab111a3fbf91d2ca,1.0,B000A85GLF
da3bfc885d08e894ab111a3fbf91d2ca,1.0,B0FFHDMPWG
da3bfc885d08e894ab111a3fbf91d2ca,1.0,B000A87IC9
da3bfc885d08e894ab111a3fbf91d2ca,1.0,B000A875MD
da3bfc885d08e894ab111a3fbf91d2ca,1.0,B000A8WWAL
da3bfc885d08e894ab111a3fbf91d2ca,1.0,B000A0E023
da3bfc885d08e894ab111a3fbf91d2ca,1.0,B0FFI8LL4B
da3bfc885d08e894ab111a3fbf91d2ca,1.0,B000A8WWAL
da3bfc885d08e894ab111a3fbf91d2ca,1.0,B0FFI9CYVV
da3bfc885d08e894ab111a3fbf91d2ca,1.0,B000A7GWO5
da3bfc885d08e894ab111a3fbf91d2ca,1.0,B0FFF41R8I
da3bfc885d08e894ab111a3fbf91d2ca,1.0,B0FFGY95ZG
da3bfc885d08e894ab111a3fbf91d2ca,1.0,B000A805O7
da3bfc885d08e894ab111a3fbf91d2ca,1.0,B000A87IC9
da3bfc885d08e894ab111a3fbf91d2ca,1.0,B000A21A9B
da3bfc885d08e894ab111a3fbf91d2ca,1.0,B0FFGY95ZG
da3bfc885d08e894ab111a3fbf91d2ca,1.0,B0FFFALG94
da3bfc885d08e894ab111a3fbf91d2ca,1.0,B000A8UOVR
da3bfc885d08e894ab111a3fbf91d2ca,1.0,B000A805NJ
da3bfc885d08e894ab111a3fbf91d2ca,1.0,B000A0E023
da3bfc885d08e894ab111a3fbf91d2ca,1.0,B0FFFQ6V38
da3bfc885d08e894ab111a3fbf91d2ca,1.0,B000A8W3SS
da3bfc885d08e894ab111a3fbf91d2ca,1.0,B000A805NJ
da3bfc885d08e894ab111a3fbf91d2ca,1.0,B0FFFQ6V38
da3bfc885d08e894ab111a3fbf91d2ca,1.0,B0FFGVEQ3C
da3bfc885d08e894ab111a3fbf91d2ca,1.0,B000A7NQ7V
da3bfc885d08e894ab111a3fbf91d2ca,1.0,B000A85GE0
da3bfc885d08e894ab111a3fbf91d2ca,1.0,B0FFFQ6V38
da3bfc885d08e894ab111a3fbf91d2ca,1.0,B000A8W3SS
da3bfc885d08e894ab111a3fbf91d2ca,1.0,B000A9QZD8
da3bfc885d08e894ab111a3fbf91d2ca,1.0,B000A805V2
da3bfc885d08e894ab111a3fbf91d2ca,1.0,B0FFGY95ZG
da3bfc885d08e894ab111a3fbf91d2ca,1.0,B0FFHDMPWG
da3bfc885d08e894ab111a3fbf91d2ca,1.0,B000A875MD
da3bfc885d08e894ab111a3fbf91d2ca,1.0,B0FFI901ZA
da3bfc885d08e894ab111a3fbf91d2ca,1.0,B000A7PKTD
da3bfc885d08e894ab111a3fbf91d2ca,1.0,B000A0E023
da3bfc885d08e894ab111a3fbf91d2ca,1.0,B0FFHRNP92
da3bfc885d08e894ab111a3fbf91d2ca,1.0,B0FFI8LL4B
da3bfc885d08e894ab111a3fbf91d2ca,1.0,B0FFI8VOH9
da3bfc885d08e894ab111a3fbf91d2ca,1.0,B000A8WWAL
da3bfc885d08e894ab111a3fbf91d2ca,1.0,B000A84I1G
da3bfc885d08e894ab111a3fbf91d2ca,1.0,B000A843KH
da3bfc885d08e894ab111a3fbf91d2ca,1.0,B0FFI8VOHW
da3bfc885d08e894ab111a3fbf91d2ca,1.0,B000A805V2
da3bfc885d08e894ab111a3fbf91d2ca,1.0,B0FFFSTE9H
61413e4ac23a950e54933f880aeefb14,1.0,B0FFI8C4LC
61413e4ac23a950e54933f880aeefb14,1.0,B0FFI8VOH9
61413e4ac23a950e54933f880aeefb14,1.0,B0FFG4HTWP
61413e4ac23a950e54933f880aeefb14,1.0,B0FFI9CYVV
61413e4ac23a950e54933f880aeefb14,1.0,B000A875MD
61413e4ac23a950e54933f880aeefb14,1.0,B000A8WV6A
61413e4ac23a950e54933f880aeefb14,1.0,B000A85GE2
61413e4ac23a950e54933f880aeefb14,1.0,B0FFI91YX4
61413e4ac23a950e54933f880aeefb14,1.0,B0FFI8XMD1
61413e4ac23a950e54933f880aeefb14,1.0,B000A84I1G
61413e4ac23a950e54933f880aeefb14,1.0,B0FFG4HTWP
61413e4ac23a950e54933f880aeefb14,1.0,B000A85GLF
61413e4ac23a950e54933f880aeefb14,1.0,B0FFF41R8I
61413e4ac23a950e54933f880aeefb14,1.0,B0FFI1UHQO
61413e4ac23a950e54933f880aeefb14,1.0,B000A843KH
61413e4ac23a950e54933f880aeefb14,1.0,B0FFHDMPWG
61413e4ac23a950e54933f880aeefb14,1.0,B0FFI9CYVV
61413e4ac23a950e54933f880aeefb14,1.0,B000A8W3SS
61413e4ac23a950e54933f880aeefb14,1.0,B000A7PKTD
61413e4ac23a950e54933f880aeefb14,1.0,B0FFHDMPWG
61413e4ac23a950e54933f880aeefb14,1.0,B0FFGVEQ3C
61413e4ac23a950e54933f880aeefb14,1.0,B000A87QJ9
61413e4ac23a950e54933f880aeefb14,1.0,B000A83K3G
61413e4ac23a950e54933f880aeefb14,1.0,B000A85GE0
61413e4ac23a950e54933f880aeefb14,1.0,B0FFI8VOH9
61413e4ac23a950e54933f880aeefb14,1.0,B0FFI8EP4M
61413e4ac23a950e54933f880aeefb14,1.0,B0FFFALG94
61413e4ac23a950e54933f880aeefb14,1.0,B000A805V2
61413e4ac23a950e54933f880aeefb14,1.0,B0FFHXQ4VV
61413e4ac23a950e54933f880aeefb14,1.0,B0FFHRNP92
61413e4ac23a950e54933f880aeefb14,1.0,B000A83K3G
61413e4ac23a950e54933f880aeefb14,1.0,B0FFI901ZA
61413e4ac23a950e54933f880aeefb14,1.0,B0FFFAIOZT
61413e4ac23a950e54933f880aeefb14,1.0,B0FFHRNP92
61413e4ac23a950e54933f880aeefb14,1.0,B0FFFALG94
61413e4ac23a950e54933f880aeefb14,1.0,B0FFI8LL4B
61413e4ac23a950e54933f880aeefb14,1.0,B000A0C2E4
61413e4ac23a950e54933f880aeefb14,1.0,B000A7ZMDK
61413e4ac23a950e54933f880aeefb14,1.0,B000A9PPB2
61413e4ac23a950e54933f880aeefb14,1.0,B0FFI8LL4B
61413e4ac23a950e54933f880aeefb14,1.0,B000A9QZD8
61413e4ac23a950e54933f880aeefb14,1.0,B000A83K3G
61413e4ac23a950e54933f880aeefb14,1.0,B000A7O1C3
61413e4ac23a950e54933f880aeefb14,1.0,B0FFI8C4LC
61413e4ac23a950e54933f880aeefb14,1.0,B000A87IC9
61413e4ac23a950e54933f880aeefb14,1.0,B000A8WV6A
61413e4ac23a950e54933f880aeefb14,1.0,B000A0C2E4
61413e4ac23a950e54933f880aeefb14,1.0,B000A7O1C3
61413e4ac23a950e54933f880aeefb14,1.0,B0FFI8Y795
61413e4ac23a950e54933f880aeefb14,1.0,B000A8UOVR
61413e4ac23a950e54933f880aeefb14,1.0,B0FFI8C4LC
61413e4ac23a950e54933f880aeefb14,1.0,B000A8UOVR
61413e4ac23a950e54933f880aeefb14,1.0,B000A875MD
61413e4ac23a950e54933f880aeefb14,1.0,B000A7GWO5
61413e4ac23a950e54933f880aeefb14,1.0,B000A85GTK
61413e4ac23a950e54933f880aeefb14,1.0,B0FFI93J0K
61413e4ac23a950e54933f880aeefb14,1.0,B0FFI91YX4
61413e4ac23a950e54933f880aeefb14,1.0,B0FFI9DLOS
61413e4ac23a950e54933f880aeefb14,1.0,B0FFI8C4LC
61413e4ac23a950e54933f880aeefb14,1.0,B000A875MD
61413e4ac23a950e54933f880aeefb14,1.0,B0FFG4HTWP
61413e4ac23a950e54933f880aeefb14,1.0,B0FFI8EP4M
61413e4ac23a950e54933f880aeefb14,1.0,B0FFI933GP
61413e4ac23a950e54933f880aeefb14,1.0,B0FFI8EP4M
61413e4ac23a950e54933f880aeefb14,1.0,B0FFFALG94
61413e4ac23a950e54933f880aeefb14,1.0,B000A805V2
61413e4ac23a950e54933f880aeefb14,1.0,B0FFI8VOHW
61413e4ac23a950e54933f880aeefb14,1.0,B0FFI8Y795
61413e4ac23a950e54933f880aeefb14,1.0,B0FFHXQ4VV
61413e4ac23a950e54933f880aeefb14,1.0,B0FFGVEQ3C
61413e4ac23a950e54933f880aeefb14,1.0,B000A0C2E4
61413e4ac23a950e54933f880aeefb14,1.0,B0FFG4HTWP
61413e4ac23a950e54933f880aeefb14,1.0,B0FFHDMPWG
61413e4ac23a950e54933f880aeefb14,1.0,B0FFI8VOHW
61413e4ac23a950e54933f880aeefb14,1.0,B0FFFAIOZT
61413e4ac23a950e54933f880aeefb14,1.0,B0FFFALG94
61413e4ac23a950e54933f880aeefb14,1.0,B0FFHDMPWG
61413e4ac23a950e54933f880aeefb14,1.0,B0FFG4HTWP
61413e4ac23a950e54933f880aeefb14,1.0,B000A85GE0
61413e4ac23a950e54933f880aeefb14,1.0,B000A9QZD8
61413e4ac23a950e54933f880aeefb14,1.0,B000A85GLF
61413e4ac23a950e54933f880aeefb14,1.0,B0FFI8VOHW
61413e4ac23a950e54933f880aeefb14,1.0,B000A7GWO5
61413e4ac23a950e54933f880aeefb14,1.0,B000A83K3G
61413e4ac23a950e54933f880aeefb14,1.0,B0FFI8VOHW
61413e4ac23a950e54933f880aeefb14,1.0,B000A83K3G
61413e4ac23a950e54933f880aeefb14,1.0,B000A7PKTD
61413e4ac23a950e54933f880aeefb14,1.0,B0FFI8EP4M
c5cd9748407a054789ae89dd66acfa5b,1.0,B000A9PPB2
c5cd9748407a054789ae89dd66acfa5b,1.0,B000A80ZU6
c5cd9748407a054789ae89dd66acfa5b,1.0,B000A7NQ7V
c5cd9748407a054789ae89dd66acfa5b,1.0,B0FFI901ZA
c5cd9748407a054789ae89dd66acfa5b,1.0,B000A7GWO5
c5cd9748407a054789ae89dd66acfa5b,1.0,B000A9PPB2
c5cd9748407a054789ae89dd66acfa5b,1.0,B0FFI9CYVV
c5cd9748407a054789ae89dd66acfa5b,1.0,B0FFI93J0K
c5cd9748407a054789ae89dd66acfa5b,1.0,B000A80ZU6
c5cd9748407a054789ae89dd66acfa5b,1.0,B000A875MD
c5cd9748407a054789ae89dd66acfa5b,1.0,B000A7ZMIR
c5cd9748407a054789ae89dd66acfa5b,1.0,B0FFI8XMD1
c5cd9748407a054789ae89dd66acfa5b,1.0,B0FFHXQ4VV
c5cd9748407a054789ae89dd66acfa5b,1.0,B0FFI8VOH9
c5cd9748407a054789ae89dd66acfa5b,1.0,B0FFI91YX4
c5cd9748407a054789ae89dd66acfa5b,1.0,B000A83K3G
c5cd9748407a054789ae89dd66acfa5b,1.0,B000A85GE0
c5cd9748407a054789ae89dd66acfa5b,1.0,B000A8061Q
c5cd9748407a054789ae89dd66acfa5b,1.0,B0FFFALG94
c5cd9748407a054789ae89dd66acfa5b,1.0,B000A85GE0
c5cd9748407a054789ae89dd66acfa5b,1.0,B0FFI8EP4M
c5cd9748407a054789ae89dd66acfa5b,1.0,B000A84I1G
c5cd9748407a054789ae89dd66acfa5b,1.0,B000A7PKTD
c5cd9748407a054789ae89dd66acfa5b,1.0,B000A8WV6A
c5cd9748407a054789ae89dd66acfa5b,1.0,B000A875MD
c5cd9748407a054789ae89dd66acfa5b,1.0,B0FFI8LL4B
c5cd9748407a054789ae89dd66acfa5b,1.0,B0FFF41R8I
c5cd9748407a054789ae89dd66acfa5b,1.0,B000A8061Q
c5cd9748407a054789ae89dd66acfa5b,1.0,B000A80ZU6
c5cd9748407a054789ae89dd66acfa5b,1.0,B000A805O7
c5cd9748407a054789ae89dd66acfa5b,1.0,B000A7XRRR
c5cd9748407a054789ae89dd66acfa5b,1.0,B000A805V2
c5cd9748407a054789ae89dd66acfa5b,1.0,B000A8W3SS
c5cd9748407a054789ae89dd66acfa5b,1.0,B000A8061Q
c5cd9748407a054789ae89dd66acfa5b,1.0,B0FFI1UHQO
c5cd9748407a054789ae89dd66acfa5b,1.0,B0FFFSTE9H
c5cd9748407a054789ae89dd66acfa5b,1.0,B000A85GTK
c5cd9748407a054789ae89dd66acfa5b,1.0,B0FFFQ6V38
c5cd9748407a054789ae89dd66acfa5b,1.0,B000A80ZU6
c5cd9748407a054789ae89dd66acfa5b,1.0,B000A805V2
c5cd9748407a054789ae89dd66acfa5b,1.0,B000A8061Q
c5cd9748407a054789ae89dd66acfa5b,1.0,B000A84I1G
c5cd9748407a054789ae89dd66acfa5b,1.0,B0FFI8EP4M
c5cd9748407a054789ae89dd66acfa5b,1.0,B000A83K3G
c5cd9748407a054789ae89dd66acfa5b,1.0,B0FFI1UHQO
c5cd9748407a054789ae89dd66acfa5b,1.0,B0FFFAIOZT
c5cd9748407a054789ae89dd66acfa5b,1.0,B000A21A9B
c5cd9748407a054789ae89dd66acfa5b,1.0,B000A7XRRR
c5cd9748407a054789ae89dd66acfa5b,1.0,B0FFI933GP
c5cd9748407a054789ae89dd66acfa5b,1.0,B0FFHXQ4VV
c5cd9748407a054789ae89dd66acfa5b,1.0,B0FFFALG94
c5cd9748407a054789ae89dd66acfa5b,1.0,B000A84I1G
c5cd9748407a054789ae89dd66acfa5b,1.0,B0FFHXQ4VV
c5cd9748407a054789ae89dd66acfa5b,1.0,B000A21A9B
c5cd9748407a054789ae89dd66acfa5b,1.0,B000A7PKTD
c5cd9748407a054789ae89dd66acfa5b,1.0,B000A805O7
c5cd9748407a054789ae89dd66acfa5b,1.0,B000A7NQ7V
c5cd9748407a054789ae89dd66acfa5b,1.0,B000A7ZMIR
c5cd9748407a054789ae89dd66acfa5b,1.0,B000A9QZD8
c5cd9748407a054789ae89dd66acfa5b,1.0,B000A805O7
c5cd9748407a054789ae89dd66acfa5b,1.0,B0FFI9E3OL
c5cd9748407a054789ae89dd66acfa5b,1.0,B000A80ZU6
c5cd9748407a054789ae89dd66acfa5b,1.0,B000A7PKTD
c5cd9748407a054789ae89dd66acfa5b,1.0,B0FFI8Y795
c5cd9748407a054789ae89dd66acfa5b,1.0,B0FFGY95ZG
c5cd9748407a054789ae89dd66acfa5b,1.0,B0FFFQ6V38
c5cd9748407a054789ae89dd66acfa5b,1.0,B0FFF41R8I
c5cd9748407a054789ae89dd66acfa5b,1.0,B000A8WV6A
c5cd9748407a054789ae89dd66acfa5b,1.0,B000A9QZD8
c5cd9748407a054789ae89dd66acfa5b,1.0,B000A80ZU6
c5cd9748407a054789ae89dd66acfa5b,1.0,B0FFI901ZA
c5cd9748407a054789ae89dd66acfa5b,1.0,B0FFI93IT0
c5cd9748407a054789ae89dd66acfa5b,1.0,B000A805NJ
c5cd9748407a054789ae89dd66acfa5b,1.0,B0FFI93J0K
c5cd9748407a054789ae89dd66acfa5b,1.0,B000A84I1G
c5cd9748407a054789ae89dd66acfa5b,1.0,B0FFHRNP92
c5cd9748407a054789ae89dd66acfa5b,1.0,B0FFI8LL4B
c5cd9748407a054789ae89dd66acfa5b,1.0,B000A87QJ9
c5cd9748407a054789ae89dd66acfa5b,1.0,B000A8WWAL
c5cd9748407a054789ae89dd66acfa5b,1.0,B000A84I1G
c5cd9748407a054789ae89dd66acfa5b,1.0,B0FFGY95ZG
c5cd9748407a054789ae89dd66acfa5b,1.0,B000A8W3SS
c5cd9748407a054789ae89dd66acfa5b,1.0,B000A7XRRR
c5cd9748407a054789ae89dd66acfa5b,1.0,B000A805NJ
c5cd9748407a054789ae89dd66acfa5b,1.0,B0FFI8VOH9
c5cd9748407a054789ae89dd66acfa5b,1.0,B000A83K3G
c5cd9748407a054789ae89dd66acfa5b,1.0,B0FFFSTE9H
c5cd9748407a054789ae89dd66acfa5b,1.0,B000A0E023
c5cd9748407a054789ae89dd66acfa5b,1.0,B0FFI901ZA
c5cd9748407a054789ae89dd66acfa5b,1.0,B000A8UOVR
c5cd9748407a054789ae89dd66acfa5b,1.0,B000A21A9B
c5cd9748407a054789ae89dd66acfa5b,1.0,B0FFI9CYVV
c5cd9748407a054789ae89dd66acfa5b,1.0,B000A21A9B
c5cd9748407a054789ae89dd66acfa5b,1.0,B0FFHRNP92
